TRL,Stage,Typical Academic Action
1,Basic Principles Observed,"Fundamental research, discovery of scientific principles"
2,Technology Concept Formulated,"Conceptual studies, theoretical research"
3,Experimental Proof of Concept,"Initial experiments, lab studies"
4,Technology Validated in Lab,Component validation in laboratory conditions
5,Technology Validated in Relevant Environment,Integration and testing in simulated relevant settings
6,Technology Demonstrated in Relevant Environment,Prototype demonstrated in relevant environment
7,System Prototype Demonstration in Operational Environment,Prototype/demonstrator tested in real/operational environment
8,System Complete and Qualified,Actual system qualified and completed for implementation
9,Actual System Proven in Operational Environment,Technology deployed and proven in an operational setting
